generation,fitness,migration_step
1.0,61.9244318439026,0.0
1.0,61.9244318439026,1.0
1.0,61.9244318439026,2.0
1.0,61.9244318439026,3.0
