generation,fitness,migration_step
1.0,47.3316859260701,0.0
1.0,58.04906657116455,1.0
1.0,58.04906657116455,2.0
1.0,58.04906657116455,3.0
