generation,fitness,migration_step
1.0,52.653800554514724,0.0
1.0,57.26605502082298,1.0
1.0,57.26605502082298,2.0
1.0,57.26605502082298,3.0
1.0,57.26605502082298,4.0
