generation,fitness,migration_step
1.0,37.30745745201442,0.0
1.0,66.47047947181615,1.0
1.0,66.47047947181615,2.0
1.0,66.47047947181615,3.0
1.0,66.47047947181615,4.0
