generation,fitness,migration_step
1.0,50.60746221542698,0.0
1.0,56.33764550822309,1.0
1.0,56.33764550822309,2.0
1.0,56.33764550822309,3.0
1.0,56.33764550822309,4.0
