generation,fitness,migration_step
1.0,46.213782476975666,0.0
1.0,49.982649904326486,1.0
1.0,49.982649904326486,2.0
1.0,49.982649904326486,3.0
1.0,49.982649904326486,4.0
