generation,fitness,migration_step
1.0,44.1652956435149,0.0
1.0,47.51473262879884,1.0
1.0,47.51473262879884,2.0
