generation,fitness,migration_step
1.0,54.14507368005189,0.0
1.0,54.14507368005189,1.0
1.0,54.14507368005189,2.0
