generation,fitness,migration_step
1.0,54.88011505081255,0.0
1.0,60.243429680767846,1.0
1.0,60.243429680767846,2.0
