generation,fitness,migration_step
1.0,62.16314163542157,0.0
1.0,62.16314163542157,1.0
1.0,62.16314163542157,2.0
