generation,fitness,migration_step
1.0,37.30745745201442,0.0
1.0,38.947220983975306,1.0
1.0,57.003589730522094,2.0
