generation,fitness,migration_step
1.0,54.88011505081255,0.0
1.0,58.038964547068346,1.0
1.0,58.038964547068346,2.0
1.0,58.038964547068346,3.0
1.0,58.038964547068346,4.0
